well_id,depth_m,lithology,porosity,permeability,operator,location,measurement_date
BH-1000,1100.04,Siltstone,0.09,383.3,Chevron,Well-A1,2010-02-02
BH-1001,--,Dolomite,0.23,372.21,,Well-D4,2011-08-27
BH-1002,4477.2,Shale,0.15,480.75,ExxonMobil,Well-A1,2010-04-10
BH-1003,2375.82,Siltstone,0.27,487.9,BP,Well-A1,2012-04-29
BH-1004,4541.81,Gravel,0.26,,Shell,Well-C3,2012-05-25
BH-1005,1404.01,Siltstone,0.3,209.87,,Well-C3,2011-12-01
BH-1006,3436.52,Shale,0.12,171.48,,Well-B2,2012-05-13
BH-1007,1223.75,Sandstone,0.17,460.91,Chevron,Well-C3,2011-05-27
BH-1008,4658.19,SHALE,0.09,292.54,,Well-D4,2011-02-13
BH-1009,4989.3,Shale,0.08,,Total,Well-B2,2012-03-22
BH-1010,3385.64,Sandstne,0.35,486.99,Total,Well-A1,2011-07-04
BH-1011,4074.39,Gravel,0.18,479.22,,Well-C3,2012-02-20
BH-1012,4650.51,Siltstone,0.2,218.26,Shell,Well-A1,2011-05-16
BH-1013,--,Gravel,0.3,76.07,Chevron,Well-A1,2011-05-13
BH-1014,4911.94,,0.09,297.41,ExxonMobil,Well-D4,2012-08-09
BH-1015,3919.72,Dolomite,0.17,218.04,Chevron,Well-D4,2010-08-19
BH-1016,1084.14,,0.12,334.0,Shell,Well-A1,2012-05-30
BH-1017,3056.62,Siltstone,0.11,470.98,Chevron,Well-D4,2011-04-30
BH-1018,1761.64,Limestone,0.16,438.73,Total,Well-A1,2012-01-16
BH-1019,4446.69,Dolomite,0.21,132.57,BP,Well-B2,2010-03-19
BH-1020,4445.4,,0.25,56.64,Total,Well-B2,2011-05-13
BH-1021,4458.6,Sandstone,0.05,466.93,BP,Well-C3,2012-09-07
BH-1022,4133.45,SHALE,0.14,310.63,Chevron,Well-A1,2010-02-28
BH-1023,2907.15,,0.34,133.62,Chevron,Well-A1,2010-08-29
BH-1024,4766.38,Dolomite,0.06,345.82,Chevron,Well-C3,2010-07-29
BH-1025,2256.74,Siltstone,0.25,192.28,Total,Well-A1,2011-07-31
BH-1026,1293.04,Dolomite,0.09,80.96,Shell,Well-C3,2011-03-25
BH-1027,3814.16,,na,184.72,,Well-A1,2010-05-18
BH-1028,4558.85,,0.13,204.3,,Well-C3,2010-09-15
BH-1029,4384.41,Limestone,0.3,,ExxonMobil,Well-B2,2010-09-26
BH-1030,2767.34,Sandstne,0.08,360.96,Shell,Well-A1,2011-08-20
BH-1031,2719.15,Sandstone,0.32,437.32,ExxonMobil,Well-B2,2011-11-14
BH-1032,4120.46,Sandstne,0.27,156.53,Shell,Well-B2,2010-01-26
BH-1033,4697.95,Sandstne,0.31,170.06,,Well-A1,2010-02-09
BH-1034,1889.73,SHALE,0.3,150.32,,Well-B2,2010-10-13
BH-1035,4867.56,Siltstone,0.2,429.65,ExxonMobil,Well-A1,2012-09-20
BH-1036,3322.36,Siltstone,na,205.56,ExxonMobil,Well-D4,2011-06-08
BH-1037,4598.02,Dolomite,0.26,,Chevron,Well-B2,2010-03-13
BH-1038,4683.08,Gravel,0.09,278.21,,Well-D4,2011-12-15
BH-1039,1509.15,Sandstne,0.16,128.31,Chevron,Well-C3,2012-05-03
BH-1040,--,Siltstone,0.29,195.01,BP,Well-D4,2011-06-08
BH-1041,4604.72,Shale,0.14,328.67,Total,Well-B2,2010-08-19
BH-1042,1589.42,Sandstone,0.19,82.77,BP,Well-B2,2011-01-29
BH-1043,1975.94,Sandstone,0.31,400.29,Shell,Well-B2,2011-12-14
BH-1044,1200.87,Dolomite,0.09,259.09,Chevron,Well-C3,2012-07-01
BH-1045,4260.03,,0.32,121.62,BP,Well-D4,2010-09-11
BH-1046,2109.25,,0.12,371.1,Shell,Well-C3,2012-07-03
BH-1047,1553.5,Dolomite,0.1,236.69,ExxonMobil,Well-D4,2010-07-31
BH-1048,2557.91,Sandstone,0.28,52.65,ExxonMobil,Well-C3,2012-05-23
BH-1049,4342.91,,0.21,149.24,Shell,Well-C3,2010-01-30
BH-1050,3675.49,Sandstne,0.3,491.32,Chevron,Well-A1,2011-08-30
BH-1051,1108.41,Sandstne,0.19,220.6,Shell,Well-D4,2012-02-19
BH-1052,2113.03,Sandstne,0.07,,Chevron,Well-A1,2010-12-25
BH-1053,1274.47,Sandstone,0.33,59.17,Shell,Well-B2,2011-11-17
BH-1054,4791.03,SHALE,0.28,323.26,,Well-A1,2010-06-17
BH-1055,1432.39,Sandstone,0.22,218.89,,Well-B2,2011-12-09
BH-1056,1971.4,Siltstone,0.23,492.73,Total,Well-C3,2011-11-09
BH-1057,3023.84,Gravel,na,270.59,BP,Well-C3,2012-04-28
BH-1058,1611.96,Shale,0.34,413.69,Chevron,Well-D4,2012-04-25
BH-1059,2073.58,Dolomite,0.08,159.74,BP,Well-D4,2011-05-22
BH-1060,1727.36,Dolomite,0.13,318.27,ExxonMobil,Well-A1,2010-07-15
BH-1061,3880.3,SHALE,0.12,370.33,BP,Well-A1,2010-08-15
BH-1062,1973.22,Gravel,0.21,385.67,ExxonMobil,Well-C3,2010-10-05
BH-1063,1922.15,Dolomite,0.27,360.57,Shell,Well-B2,2010-10-11
BH-1064,4906.43,,0.34,183.31,ExxonMobil,Well-B2,2011-12-27
BH-1065,2097.25,Sandstone,0.26,440.81,BP,Well-A1,2011-08-11
BH-1066,2914.86,Gravel,0.07,264.98,Total,Well-D4,2011-08-14
BH-1067,1214.44,Shale,0.33,161.69,Chevron,Well-D4,2012-03-20
BH-1068,4102.77,Sandstne,0.18,495.51,ExxonMobil,Well-A1,2012-01-28
BH-1069,4050.95,Dolomite,0.07,298.4,Shell,Well-A1,2011-12-07
BH-1070,2165.04,Dolomite,0.13,82.03,Shell,Well-C3,2011-10-03
BH-1071,4215.62,Dolomite,0.21,458.79,Shell,Well-A1,2012-03-22
BH-1072,3995.83,Siltstone,0.19,231.13,ExxonMobil,Well-D4,2011-09-05
BH-1073,--,Sandstne,0.23,,Shell,Well-A1,2011-11-20
BH-1074,3304.99,Shale,0.25,131.67,Chevron,Well-D4,2011-05-19
BH-1075,2880.04,Sandstne,0.25,198.41,,Well-D4,2012-08-25
BH-1076,4042.0,Sandstone,0.14,486.58,BP,Well-A1,2011-07-10
BH-1077,1216.82,,0.28,392.0,Shell,Well-C3,2012-08-07
BH-1078,4523.39,SHALE,0.34,157.68,Shell,Well-C3,2011-07-20
BH-1079,1898.8,Limestone,0.09,274.27,,Well-C3,2010-10-07
BH-1080,2930.0,SHALE,0.22,464.84,Chevron,Well-B2,2010-10-10
BH-1081,4417.65,Gravel,0.2,177.28,ExxonMobil,Well-D4,2011-04-03
BH-1082,2380.5,,0.16,441.32,,Well-B2,2010-08-28
BH-1083,2643.1,Gravel,0.26,223.74,,Well-B2,2010-02-07
BH-1084,4861.41,Gravel,0.31,286.68,BP,Well-A1,2011-02-24
BH-1085,4879.83,Limestone,0.34,361.72,,Well-A1,2012-05-22
BH-1086,3134.49,Gravel,0.32,293.46,Chevron,Well-A1,2011-12-02
BH-1087,4989.7,Limestone,0.08,442.66,BP,Well-B2,2012-07-14
BH-1088,--,Gravel,0.14,115.51,Chevron,Well-D4,2012-03-22
BH-1089,1700.28,Sandstne,0.12,114.4,BP,Well-C3,2011-11-14
BH-1090,--,SHALE,0.25,248.78,ExxonMobil,Well-C3,2011-03-11
BH-1091,2827.34,Siltstone,0.17,156.74,Chevron,Well-C3,2011-12-18
BH-1092,4911.78,Sandstne,0.22,385.1,Total,Well-D4,2012-07-13
BH-1093,4195.44,Gravel,0.11,390.01,,Well-B2,2012-07-14
BH-1094,1157.69,SHALE,na,109.14,ExxonMobil,Well-C3,2010-06-29
BH-1095,4146.05,Gravel,0.32,165.64,BP,Well-C3,2010-12-13
BH-1096,2873.33,Limestone,0.34,375.9,BP,Well-C3,2011-02-09
BH-1097,--,,0.16,167.97,BP,Well-C3,2010-08-28
BH-1098,3478.19,,0.23,335.93,BP,Well-C3,2010-04-30
BH-1099,4785.05,Siltstone,0.08,291.9,BP,Well-D4,2012-08-30
BH-1100,4783.9,Sandstne,0.27,344.71,BP,Well-D4,2010-10-14
BH-1101,--,Gravel,0.18,213.21,,Well-C3,2011-10-23
BH-1102,2592.56,Dolomite,0.33,91.25,Shell,Well-A1,2010-12-08
BH-1103,1503.7,Dolomite,0.28,147.18,Shell,Well-C3,2012-03-18
BH-1104,1011.34,Shale,0.21,99.47,Total,Well-B2,unknown
BH-1105,1951.73,Gravel,na,107.04,BP,Well-A1,2011-05-03
BH-1106,2448.16,Limestone,0.12,377.26,,Well-C3,2012-09-14
BH-1107,--,SHALE,0.18,370.58,BP,Well-A1,2010-11-26
BH-1108,1262.73,Siltstone,0.23,221.41,Chevron,Well-C3,2011-09-12
BH-1109,4172.38,Limestone,0.25,374.38,Shell,Well-D4,2010-08-22
BH-1110,4309.68,Sandstne,0.08,349.3,ExxonMobil,Well-B2,2011-05-01
BH-1111,4327.09,Limestone,0.27,108.55,Total,Well-C3,2011-02-25
BH-1112,3661.36,Sandstne,0.27,320.18,ExxonMobil,Well-A1,2010-08-06
BH-1113,2928.76,Limestone,0.22,175.36,Shell,Well-D4,2012-09-24
BH-1114,3486.9,,na,423.26,ExxonMobil,Well-A1,2011-12-21
BH-1115,4686.15,Gravel,na,304.84,BP,Well-A1,2011-10-11
BH-1116,1367.03,,0.18,216.52,,Well-C3,2011-08-05
BH-1117,4533.37,Shale,0.24,172.45,,Well-D4,2011-03-29
BH-1118,1862.28,,0.18,355.32,BP,Well-C3,2011-02-09
BH-1119,1219.13,Dolomite,0.11,164.98,ExxonMobil,Well-A1,unknown
BH-1120,1702.78,Sandstne,0.12,350.62,ExxonMobil,Well-A1,2012-01-30
BH-1121,--,Sandstone,0.07,243.18,BP,Well-D4,2011-02-19
BH-1122,--,Gravel,0.33,360.32,ExxonMobil,Well-A1,2010-04-19
BH-1123,3355.49,,0.31,149.71,Shell,Well-A1,2010-04-27
BH-1124,1775.61,Gravel,0.34,116.46,Total,Well-B2,2010-06-27
BH-1125,4040.86,Limestone,0.28,389.5,Chevron,Well-D4,2012-06-22
BH-1126,3541.19,Gravel,0.24,80.73,BP,Well-C3,2011-08-29
BH-1127,3029.35,Siltstone,0.06,179.18,,Well-A1,2011-06-04
BH-1128,3321.32,Sandstone,0.29,194.69,BP,Well-B2,2011-04-07
BH-1129,4596.51,Gravel,0.08,67.61,,Well-D4,2011-06-21
BH-1130,1634.98,Gravel,0.17,355.5,Total,Well-C3,2010-04-07
BH-1131,2546.26,Siltstone,0.25,442.98,ExxonMobil,Well-A1,2010-05-25
BH-1132,2240.93,Sandstne,0.26,301.51,,Well-C3,2011-11-18
BH-1133,4788.43,,0.25,58.2,ExxonMobil,Well-B2,2010-12-16
BH-1134,2945.08,Dolomite,0.1,404.65,Chevron,Well-A1,2012-06-16
BH-1135,1524.2,Sandstne,0.1,331.13,Shell,Well-D4,2011-01-09
BH-1136,1950.12,SHALE,0.28,155.3,Shell,Well-C3,2012-03-14
BH-1137,4340.45,Gravel,0.22,396.25,BP,Well-D4,2012-04-16
BH-1138,3418.65,Siltstone,0.19,470.43,,Well-A1,2012-02-21
BH-1139,2797.28,,0.18,149.92,BP,Well-C3,2011-03-01
BH-1140,3008.03,Dolomite,0.07,193.41,Total,Well-C3,2010-05-21
BH-1141,--,SHALE,0.09,251.87,Total,Well-A1,unknown
BH-1142,1598.08,,0.28,104.83,Shell,Well-D4,2011-09-30
BH-1143,1443.43,SHALE,0.05,158.87,Shell,Well-C3,2011-09-22
BH-1144,3282.65,Shale,0.08,80.46,Chevron,Well-A1,2011-04-27
BH-1145,--,Sandstne,0.13,,Total,Well-C3,2011-11-04
BH-1146,4086.01,Gravel,0.16,339.26,,Well-D4,2011-05-06
BH-1147,4245.99,Limestone,0.33,,Shell,Well-A1,2012-06-26
BH-1148,--,Siltstone,0.35,163.99,,Well-B2,2012-06-01
BH-1149,4463.19,Gravel,0.29,230.01,BP,Well-D4,2010-07-11
BH-1150,2990.09,,0.07,243.77,Shell,Well-C3,2010-03-23
BH-1151,2182.56,SHALE,0.18,208.2,Total,Well-C3,2011-03-22
BH-1152,4920.11,Sandstone,0.24,410.49,,Well-B2,2010-05-27
BH-1153,3712.36,SHALE,na,400.33,ExxonMobil,Well-C3,2011-08-04
BH-1154,--,Shale,0.33,393.39,Chevron,Well-B2,2011-02-12
BH-1155,2114.76,Limestone,na,282.99,Chevron,Well-A1,2010-09-24
BH-1156,1858.28,Siltstone,0.35,111.08,Total,Well-D4,2012-01-01
BH-1157,1351.16,Gravel,0.26,180.66,ExxonMobil,Well-B2,2012-08-07
BH-1158,1696.36,Gravel,0.09,112.49,BP,Well-A1,2011-08-10
BH-1159,4214.65,,0.32,229.17,,Well-D4,2012-02-27
BH-1160,3299.6,Shale,0.24,356.05,ExxonMobil,Well-B2,2012-03-09
BH-1161,3351.14,Shale,0.32,105.87,Shell,Well-C3,2010-11-27
BH-1162,1901.88,,0.3,335.78,Chevron,Well-C3,2010-11-07
BH-1163,1373.71,Shale,0.22,331.02,Chevron,Well-C3,2011-08-01
BH-1164,--,Sandstone,0.33,169.1,Shell,Well-D4,2010-02-01
BH-1165,3508.66,Siltstone,0.14,413.31,BP,Well-C3,2011-12-07
BH-1166,2758.42,SHALE,0.15,437.67,ExxonMobil,Well-C3,2010-05-14
BH-1167,3059.92,Limestone,0.19,161.56,Total,Well-A1,2011-01-29
BH-1168,2672.54,Shale,0.33,135.43,Shell,Well-D4,2011-04-24
BH-1169,2234.16,Sandstone,0.17,158.33,Chevron,Well-C3,2010-10-16
BH-1170,4529.36,SHALE,0.05,110.27,ExxonMobil,Well-C3,2011-01-10
BH-1171,--,Sandstone,0.11,83.09,Chevron,Well-D4,2010-10-14
BH-1172,3492.97,Limestone,0.08,494.05,Chevron,Well-C3,2010-07-23
BH-1173,2605.55,Sandstone,na,199.87,BP,Well-D4,2012-07-03
BH-1174,2311.86,Gravel,0.35,184.66,ExxonMobil,Well-D4,2010-11-03
BH-1175,1066.55,Gravel,0.34,408.54,,Well-A1,2010-09-29
BH-1176,4131.62,Dolomite,0.23,333.06,Chevron,Well-D4,2011-11-29
BH-1177,3290.28,Limestone,0.18,235.83,Shell,Well-D4,2011-09-19
BH-1178,4491.27,Sandstone,0.21,499.16,BP,Well-D4,2010-06-27
BH-1179,3132.51,,0.28,339.49,,Well-C3,2010-07-16
BH-1180,2116.03,Siltstone,0.34,180.05,Shell,Well-D4,2010-12-24
BH-1181,4737.94,Siltstone,0.22,453.09,BP,Well-C3,2012-04-03
BH-1182,1168.27,Limestone,0.18,265.59,Shell,Well-C3,2011-12-14
BH-1183,1436.91,Dolomite,0.25,337.08,Total,Well-A1,2012-01-05
BH-1184,3724.77,Shale,na,468.09,BP,Well-D4,2010-07-24
BH-1185,2148.98,Siltstone,0.32,308.36,Chevron,Well-A1,2010-06-29
BH-1186,4350.42,Sandstone,0.17,471.47,ExxonMobil,Well-A1,unknown
BH-1187,1429.2,Gravel,0.35,272.26,Shell,Well-D4,2012-04-08
BH-1188,1649.98,SHALE,0.27,,ExxonMobil,Well-C3,2012-02-15
BH-1189,3443.82,Sandstne,0.2,351.17,Shell,Well-B2,2012-08-16
BH-1190,2043.14,Dolomite,0.13,312.11,Chevron,Well-A1,2011-01-04
BH-1191,1248.5,Limestone,0.1,465.4,,Well-C3,2011-10-17
BH-1192,2180.15,Dolomite,0.09,386.48,Chevron,Well-C3,2011-07-17
BH-1193,4029.4,Dolomite,0.25,404.32,Chevron,Well-D4,2011-01-06
BH-1194,3256.67,Sandstone,0.32,291.5,Shell,Well-C3,2011-03-29
BH-1195,1821.61,SHALE,0.2,254.04,Chevron,Well-D4,2010-03-01
BH-1196,3691.07,Siltstone,0.17,385.61,Chevron,Well-A1,2010-12-19
BH-1197,3164.65,Sandstone,0.07,64.28,BP,Well-B2,2012-02-24
BH-1198,3917.16,Sandstne,0.32,462.7,BP,Well-D4,2012-09-14
BH-1199,3157.2,Gravel,0.35,107.31,Shell,Well-A1,2010-11-02
BH-1200,3876.38,Sandstne,0.3,205.77,ExxonMobil,Well-B2,2012-01-13
BH-1201,1128.87,Sandstne,0.33,158.3,Total,Well-A1,2011-04-03
BH-1202,3813.15,Sandstone,0.06,292.89,Total,Well-B2,2010-10-24
BH-1203,4665.59,Gravel,0.28,156.61,Shell,Well-B2,2010-10-09
BH-1204,4794.08,Shale,0.18,487.53,,Well-D4,2010-11-23
BH-1205,2633.04,Siltstone,0.28,432.2,ExxonMobil,Well-B2,2012-07-25
BH-1206,2650.71,Sandstne,0.09,141.5,,Well-A1,2012-05-17
BH-1207,3142.54,Dolomite,0.16,67.8,Total,Well-B2,2011-08-25
BH-1208,3235.4,SHALE,0.32,459.05,Shell,Well-B2,2010-05-01
BH-1209,4017.32,Dolomite,0.26,157.7,ExxonMobil,Well-C3,2011-07-01
BH-1210,2233.69,Gravel,0.2,491.59,BP,Well-C3,2011-01-15
BH-1211,1182.86,Dolomite,0.05,312.81,,Well-D4,2010-07-20
BH-1212,2519.36,Dolomite,0.25,165.8,BP,Well-D4,2012-01-21
BH-1213,1677.06,,0.33,338.81,Total,Well-A1,2010-03-18
BH-1214,3672.86,Sandstone,0.3,368.23,Total,Well-B2,2011-01-18
BH-1215,3550.91,SHALE,0.05,235.1,Total,Well-C3,2010-10-21
BH-1216,--,Sandstne,0.32,93.34,Shell,Well-B2,2011-06-24
BH-1217,2417.76,Sandstne,0.34,159.44,,Well-B2,2012-04-27
BH-1218,3614.94,Sandstone,0.16,75.25,Total,Well-B2,2012-05-15
BH-1219,4137.51,Limestone,0.33,455.57,,Well-D4,2012-08-04
BH-1220,4702.34,,0.06,191.52,Shell,Well-B2,2011-12-31
BH-1221,4715.5,Siltstone,0.12,225.12,Chevron,Well-C3,2012-01-28
BH-1222,4953.91,Limestone,0.34,246.69,Total,Well-C3,2011-09-21
BH-1223,2586.81,Gravel,na,496.66,BP,Well-B2,2012-08-21
BH-1224,1742.95,Sandstne,0.24,370.9,Total,Well-C3,2011-12-30
BH-1225,1617.11,Sandstne,0.08,,ExxonMobil,Well-D4,2010-10-04
BH-1226,1349.19,Sandstne,0.22,61.82,ExxonMobil,Well-A1,2012-03-14
BH-1227,2540.95,Siltstone,0.28,301.79,Shell,Well-B2,2010-06-23
BH-1228,2204.53,SHALE,0.1,184.89,Total,Well-C3,2010-09-10
BH-1229,2983.21,Dolomite,0.09,,BP,Well-C3,2011-01-25
BH-1230,2318.17,Gravel,0.3,317.48,ExxonMobil,Well-C3,2011-12-13
BH-1231,2256.73,Sandstne,0.14,270.95,Chevron,Well-B2,2010-10-15
BH-1232,2571.74,Limestone,0.11,130.97,Chevron,Well-A1,2011-04-18
BH-1233,1838.59,Siltstone,0.07,407.77,,Well-D4,2010-11-07
BH-1234,3634.65,Sandstne,0.07,265.66,BP,Well-D4,2012-03-20
BH-1235,3806.54,,0.32,161.7,,Well-C3,2011-09-20
BH-1236,--,Sandstne,0.15,97.68,Total,Well-C3,2012-02-04
BH-1237,3322.07,Dolomite,0.17,314.87,Chevron,Well-B2,2010-01-26
BH-1238,2181.73,Limestone,0.33,190.35,BP,Well-B2,2010-12-23
BH-1239,2752.66,SHALE,0.14,101.79,ExxonMobil,Well-A1,2010-06-18
BH-1240,3961.96,,0.1,481.31,Shell,Well-D4,2010-07-10
BH-1241,2728.54,Sandstone,0.31,243.3,Total,Well-B2,2012-02-10
BH-1242,4184.03,Limestone,0.21,138.68,Total,Well-C3,2011-05-17
BH-1243,3556.43,Sandstne,0.23,430.48,Chevron,Well-B2,2011-12-24
BH-1244,4674.73,Limestone,0.14,102.63,ExxonMobil,Well-B2,2011-03-05
BH-1245,3299.22,Sandstne,0.24,340.37,Shell,Well-B2,2010-05-24
BH-1246,4367.94,Sandstone,0.34,137.81,BP,Well-D4,2011-05-19
BH-1247,4359.57,SHALE,0.22,149.24,Total,Well-C3,2010-10-23
BH-1248,2829.29,SHALE,0.08,398.8,ExxonMobil,Well-A1,2011-03-28
BH-1249,4959.1,Limestone,0.25,443.66,Total,Well-D4,2012-06-01
BH-1250,2756.28,Limestone,0.12,314.57,ExxonMobil,Well-D4,2010-05-23
BH-1251,4254.12,Sandstone,0.21,125.77,,Well-C3,2010-10-01
BH-1252,3057.66,Limestone,0.28,76.68,ExxonMobil,Well-B2,2010-05-16
BH-1253,3845.58,Dolomite,0.25,309.84,ExxonMobil,Well-D4,2010-03-19
BH-1254,4520.5,Limestone,0.27,444.79,BP,Well-D4,2010-01-03
BH-1255,4388.67,Limestone,0.19,211.2,Total,Well-D4,2011-03-16
BH-1256,2978.86,Gravel,0.15,304.76,BP,Well-C3,2012-02-20
BH-1257,--,Limestone,0.3,,Shell,Well-D4,2012-09-08
BH-1258,4982.78,Shale,0.14,444.47,Total,Well-C3,2011-01-16
BH-1259,3595.64,Sandstone,0.14,155.36,,Well-A1,2010-01-02
BH-1260,1311.75,Dolomite,0.18,,ExxonMobil,Well-A1,2011-03-09
BH-1261,2910.8,Dolomite,0.27,191.01,ExxonMobil,Well-B2,2012-04-12
BH-1262,1532.58,Shale,0.22,123.85,ExxonMobil,Well-B2,2010-06-05
BH-1263,3464.3,SHALE,0.08,388.6,Chevron,Well-D4,2011-03-16
BH-1264,1559.32,Siltstone,0.12,374.53,ExxonMobil,Well-A1,2011-11-06
BH-1265,1821.78,,0.17,402.71,Shell,Well-D4,2010-09-04
BH-1266,3375.72,,0.05,192.41,BP,Well-D4,2011-12-01
BH-1267,2884.06,Limestone,na,167.98,Total,Well-A1,2011-02-12
BH-1268,3514.28,,0.18,338.24,Chevron,Well-B2,2010-11-14
BH-1269,4683.7,Shale,0.17,425.54,,Well-A1,2011-03-24
BH-1270,4385.87,Sandstone,0.33,325.53,Total,Well-C3,2011-11-05
BH-1271,1477.77,Shale,0.1,285.35,,Well-C3,2010-05-10
BH-1272,4493.84,Limestone,0.06,172.39,Total,Well-C3,2011-08-14
BH-1273,2984.59,,0.2,215.46,ExxonMobil,Well-A1,2011-11-22
BH-1274,1913.62,,na,55.53,Total,Well-D4,2012-07-31
BH-1275,4724.64,Sandstone,0.32,238.72,ExxonMobil,Well-B2,2012-01-08
BH-1276,4303.99,Gravel,0.25,150.43,Chevron,Well-A1,2010-03-12
BH-1277,4464.13,Siltstone,0.22,,Shell,Well-C3,2010-11-08
BH-1278,1970.34,Gravel,0.2,137.94,Chevron,Well-B2,2012-08-12
BH-1279,1931.99,Gravel,0.26,,ExxonMobil,Well-A1,2011-01-21
BH-1280,3908.86,Limestone,0.34,482.53,Shell,Well-C3,2012-08-01
BH-1281,4382.02,Sandstne,0.16,88.21,Total,Well-B2,2011-02-08
BH-1282,3271.28,Sandstne,0.09,432.91,BP,Well-C3,2010-10-06
BH-1283,4774.22,Shale,0.23,123.97,BP,Well-C3,2011-07-03
BH-1284,4081.35,SHALE,0.13,120.93,,Well-C3,2011-12-15
BH-1285,1860.08,Gravel,0.26,228.31,Total,Well-C3,2010-06-28
BH-1286,--,Sandstne,0.22,92.63,Total,Well-B2,2010-03-05
BH-1287,4930.27,Shale,0.17,471.91,Total,Well-C3,2010-03-18
BH-1288,--,Limestone,0.24,91.39,ExxonMobil,Well-A1,2011-04-18
BH-1289,4696.53,Sandstne,0.17,,,Well-D4,2010-08-08
BH-1290,2099.93,SHALE,0.06,160.6,ExxonMobil,Well-D4,2011-07-18
BH-1291,1350.89,Sandstne,0.11,286.62,,Well-A1,2012-03-11
BH-1292,2918.74,SHALE,0.22,171.7,Total,Well-C3,2010-01-31
BH-1293,4114.15,Sandstone,0.19,312.8,Shell,Well-B2,2011-11-04
BH-1294,3134.76,Sandstone,0.33,492.2,BP,Well-C3,2012-05-15
BH-1295,1946.2,Gravel,0.26,62.69,,Well-C3,2011-08-01
BH-1296,4793.47,SHALE,0.1,,Total,Well-B2,2010-01-21
BH-1297,1002.73,Dolomite,0.15,411.09,ExxonMobil,Well-A1,unknown
BH-1298,4668.9,Limestone,0.31,218.12,,Well-D4,2010-12-11
BH-1299,1545.81,Shale,0.18,269.24,ExxonMobil,Well-B2,2011-07-30
BH-1300,4715.38,Gravel,0.23,188.07,,Well-C3,2012-01-17
BH-1301,--,Sandstne,0.28,131.94,ExxonMobil,Well-B2,2010-04-17
BH-1302,1562.57,Limestone,0.34,448.39,Total,Well-C3,2010-09-29
BH-1303,3772.7,Gravel,0.08,,BP,Well-D4,2012-09-19
BH-1304,2656.08,Sandstne,0.16,404.93,Chevron,Well-B2,2010-03-17
BH-1305,1133.65,Sandstone,0.34,126.55,BP,Well-B2,2011-07-15
BH-1306,4912.17,Gravel,0.23,63.95,,Well-B2,2011-03-21
BH-1307,1405.03,Dolomite,0.17,466.51,Chevron,Well-C3,2010-11-01
BH-1308,1198.54,,0.1,242.42,ExxonMobil,Well-D4,2010-01-27
BH-1309,3552.76,Limestone,0.08,261.93,,Well-C3,2011-07-12
BH-1310,2484.08,Sandstne,0.18,259.28,Shell,Well-C3,2010-06-04
BH-1311,3669.87,Limestone,0.29,390.41,Shell,Well-A1,2012-04-18
BH-1312,4862.51,SHALE,0.12,227.66,,Well-A1,2012-07-11
BH-1313,3285.94,Shale,0.28,492.97,Shell,Well-B2,2011-03-10
BH-1314,3732.5,Dolomite,0.24,166.05,,Well-A1,2011-07-24
BH-1315,2304.51,Siltstone,0.33,,,Well-D4,2010-06-03
BH-1316,3351.74,Limestone,0.22,178.74,Chevron,Well-C3,2010-09-28
BH-1317,2942.34,SHALE,na,114.73,Chevron,Well-D4,2012-06-29
BH-1318,3762.06,Sandstone,0.33,59.1,ExxonMobil,Well-C3,2011-05-19
BH-1319,3739.41,Dolomite,0.34,421.62,ExxonMobil,Well-D4,2010-04-02
BH-1320,1845.56,Sandstne,0.28,419.46,Chevron,Well-B2,2011-12-28
BH-1321,1542.6,,0.06,424.82,Total,Well-B2,2010-02-21
BH-1322,3818.54,Siltstone,0.19,465.38,,Well-A1,2011-05-16
BH-1323,1710.33,SHALE,0.15,452.52,,Well-A1,2011-01-31
BH-1324,--,Dolomite,0.24,171.09,BP,Well-A1,2012-09-17
BH-1325,1035.59,Shale,0.23,,ExxonMobil,Well-C3,2011-12-28
BH-1326,2695.23,Sandstne,0.19,185.97,Chevron,Well-D4,2010-01-08
BH-1327,3649.42,Gravel,0.23,357.99,BP,Well-A1,2010-10-11
BH-1328,4445.97,Siltstone,0.34,134.76,Chevron,Well-B2,2012-04-04
BH-1329,4240.12,Sandstne,0.25,344.93,ExxonMobil,Well-C3,2011-02-19
BH-1330,1141.28,Dolomite,0.26,337.24,BP,Well-C3,2012-05-15
BH-1331,3630.46,,0.08,166.39,Chevron,Well-B2,2012-07-10
BH-1332,1357.2,Gravel,0.31,449.08,ExxonMobil,Well-C3,2011-04-20
BH-1333,2882.15,Limestone,0.11,356.31,Chevron,Well-C3,2012-06-10
BH-1334,1549.46,Dolomite,0.35,493.99,Shell,Well-C3,2010-07-04
BH-1335,2950.32,Shale,0.07,144.22,Shell,Well-B2,2012-02-21
BH-1336,1517.62,Sandstne,0.17,222.49,Total,Well-B2,2012-08-30
BH-1337,--,Gravel,0.21,,Total,Well-B2,2012-06-17
BH-1338,1515.72,Sandstne,0.14,70.57,ExxonMobil,Well-D4,2011-09-03
BH-1339,2734.66,Shale,0.32,134.79,BP,Well-A1,2012-01-15
BH-1340,1844.76,Sandstone,0.1,342.74,Total,Well-D4,2010-09-19
BH-1341,3492.54,Sandstone,0.25,,,Well-A1,2011-01-25
BH-1342,2010.95,Shale,0.26,,BP,Well-A1,2010-10-04
BH-1343,3802.91,Sandstne,0.08,102.98,Total,Well-A1,2011-09-16
BH-1344,2051.98,,0.16,122.17,Chevron,Well-D4,2011-12-06
BH-1345,2322.41,Sandstone,na,99.69,Chevron,Well-D4,2010-04-03
BH-1346,1300.19,Limestone,0.24,489.78,ExxonMobil,Well-D4,2012-04-12
BH-1347,1157.78,Siltstone,0.25,102.16,Total,Well-A1,2011-11-11
BH-1348,2314.64,SHALE,0.13,217.68,ExxonMobil,Well-B2,2011-02-14
BH-1349,2087.33,Sandstne,0.19,448.76,Shell,Well-A1,2012-01-14
BH-1350,4769.87,Shale,0.32,306.02,BP,Well-B2,2012-03-08
BH-1351,1115.26,Shale,0.2,248.31,Total,Well-C3,2010-01-13
BH-1352,3711.72,Dolomite,0.25,285.4,,Well-A1,2012-01-15
BH-1353,2383.0,Sandstne,0.3,325.81,Total,Well-B2,2011-04-26
BH-1354,4477.66,Limestone,0.15,175.17,Chevron,Well-B2,2011-01-23
BH-1355,1940.0,SHALE,0.22,274.31,ExxonMobil,Well-A1,2012-02-03
BH-1356,1410.57,Sandstne,na,421.66,Chevron,Well-C3,2011-07-30
BH-1357,3685.9,Gravel,0.07,254.51,Chevron,Well-D4,2011-01-08
BH-1358,1456.09,Dolomite,na,335.15,ExxonMobil,Well-C3,2010-02-16
BH-1359,2969.69,Sandstne,0.23,468.6,BP,Well-B2,2012-03-11
BH-1360,2351.73,Sandstne,na,352.46,Total,Well-D4,2011-08-27
BH-1361,1538.54,SHALE,na,298.95,BP,Well-D4,2012-03-10
BH-1362,1708.81,Shale,0.09,320.25,ExxonMobil,Well-D4,2011-09-16
BH-1363,4049.5,Siltstone,0.15,412.16,Shell,Well-D4,2012-06-26
BH-1364,2195.65,,0.26,334.66,Shell,Well-B2,2010-10-25
BH-1365,4684.77,Shale,0.25,276.75,,Well-C3,2012-02-19
BH-1366,2921.48,Sandstne,0.32,444.86,BP,Well-A1,2010-01-26
BH-1367,1212.26,Sandstone,0.28,178.98,ExxonMobil,Well-B2,2011-12-09
BH-1368,1816.0,,na,96.12,,Well-B2,2011-07-29
BH-1369,3043.69,Siltstone,0.06,237.45,,Well-C3,2010-02-25
BH-1370,--,Siltstone,0.31,249.38,Shell,Well-C3,2011-07-14
BH-1371,1785.88,Dolomite,0.1,134.14,Shell,Well-A1,2011-03-15
BH-1372,2056.96,Shale,0.13,369.36,Shell,Well-A1,2010-11-27
BH-1373,4094.64,Siltstone,0.22,402.81,ExxonMobil,Well-B2,2011-06-18
BH-1374,3020.56,Sandstne,0.17,447.53,,Well-C3,2010-10-28
BH-1375,4010.62,,0.22,342.19,Total,Well-C3,2012-07-15
BH-1376,4674.43,Dolomite,0.25,462.17,Total,Well-D4,2012-01-12
BH-1377,4645.34,Gravel,0.2,183.4,,Well-B2,2010-03-26
BH-1378,1669.58,,0.24,333.28,Shell,Well-D4,2010-07-30
BH-1379,3810.97,Sandstne,0.33,119.19,BP,Well-C3,2010-03-17
BH-1380,4176.86,,0.3,233.43,BP,Well-D4,2010-01-18
BH-1381,1473.22,Sandstone,0.24,313.52,,Well-A1,2011-05-30
BH-1382,4147.57,Siltstone,0.13,221.64,,Well-A1,2011-07-01
BH-1383,3987.02,,0.24,449.14,,Well-C3,2010-01-12
BH-1384,3220.28,Limestone,na,227.34,Chevron,Well-A1,2012-02-06
BH-1385,3903.75,Dolomite,0.24,122.43,Shell,Well-C3,2010-07-05
BH-1386,3269.17,Sandstone,0.33,257.57,Chevron,Well-A1,2010-03-10
BH-1387,1789.67,SHALE,0.16,155.54,ExxonMobil,Well-A1,2010-11-22
BH-1388,2313.38,Siltstone,0.1,413.46,BP,Well-B2,unknown
BH-1389,1886.1,Sandstne,0.16,199.2,BP,Well-D4,2012-03-04
BH-1390,3206.69,Shale,0.07,421.9,Chevron,Well-B2,2012-06-26
BH-1391,3909.7,Sandstone,0.24,310.51,Chevron,Well-B2,2011-07-19
BH-1392,4575.94,,0.28,150.49,Chevron,Well-C3,2011-05-29
BH-1393,2587.14,,na,483.8,Chevron,Well-B2,2010-05-24
BH-1394,1716.58,Shale,0.2,148.47,BP,Well-B2,2011-01-14
BH-1395,3674.34,,0.16,254.59,Total,Well-A1,2010-11-28
BH-1396,4873.77,Siltstone,0.13,128.23,,Well-D4,2011-11-01
BH-1397,1311.35,Siltstone,0.32,208.8,ExxonMobil,Well-D4,2012-06-27
BH-1398,3007.35,Shale,0.12,176.36,Shell,Well-B2,2011-09-09
BH-1399,1473.32,Dolomite,0.15,353.85,BP,Well-B2,2011-10-25
BH-1400,1089.78,Sandstone,0.23,280.69,Chevron,Well-B2,2010-09-22
BH-1401,3066.56,Sandstne,0.22,,,Well-C3,2010-08-10
BH-1402,4971.1,SHALE,0.3,407.58,Shell,Well-C3,2011-12-04
BH-1403,2813.88,Limestone,0.17,141.06,Chevron,Well-D4,2011-09-13
BH-1404,2903.48,Sandstone,0.21,91.94,,Well-B2,2011-07-07
BH-1405,4587.88,Sandstne,0.16,,Chevron,Well-D4,2012-04-01
BH-1406,4074.69,Gravel,0.27,363.52,Total,Well-D4,2011-05-04
BH-1407,4640.34,Limestone,0.31,135.06,,Well-A1,2010-05-01
BH-1408,2500.12,Dolomite,0.14,119.65,,Well-C3,2011-07-03
BH-1409,2462.58,Siltstone,0.17,298.45,Chevron,Well-D4,2011-07-27
BH-1410,2015.11,Siltstone,0.28,112.13,,Well-A1,2011-04-03
BH-1411,4796.98,Limestone,0.17,297.76,,Well-A1,2012-09-14
BH-1412,4217.48,Shale,0.23,168.39,ExxonMobil,Well-A1,2012-01-12
BH-1413,4937.79,,0.34,398.12,Shell,Well-D4,2010-07-26
BH-1414,4723.03,,0.06,282.12,Shell,Well-B2,2011-01-04
BH-1415,1001.15,Shale,0.13,351.35,BP,Well-B2,2012-01-25
BH-1416,4676.71,,0.3,206.64,ExxonMobil,Well-B2,2010-07-19
BH-1417,2615.83,Sandstone,0.17,82.57,ExxonMobil,Well-C3,2012-04-02
BH-1418,2030.77,,0.22,484.72,Chevron,Well-D4,2012-02-15
BH-1419,4102.4,SHALE,0.31,166.02,BP,Well-B2,2010-08-24
BH-1420,2649.7,Gravel,0.05,161.72,Total,Well-D4,2012-04-20
BH-1421,3218.21,Shale,0.16,171.08,,Well-B2,2010-07-24
BH-1422,1968.23,Siltstone,0.11,328.37,Shell,Well-A1,2010-03-22
BH-1423,3653.7,Sandstone,0.21,,BP,Well-C3,2011-05-20
BH-1424,4523.95,Siltstone,0.35,176.12,Shell,Well-B2,2012-03-29
BH-1425,4758.62,Sandstone,0.17,128.66,Total,Well-D4,2010-01-09
BH-1426,--,Dolomite,0.08,437.83,Shell,Well-C3,2011-04-28
BH-1427,2372.39,Shale,0.11,217.54,BP,Well-C3,2011-08-09
BH-1428,3303.57,Dolomite,0.27,299.9,BP,Well-B2,2012-09-09
BH-1429,2891.95,Sandstone,0.2,432.23,Chevron,Well-C3,2010-11-04
BH-1430,4434.01,Sandstone,0.26,416.22,BP,Well-A1,2010-12-09
BH-1431,2441.23,,0.13,,Total,Well-C3,2012-09-13
BH-1432,3307.42,,0.28,352.94,BP,Well-D4,2011-01-26
BH-1433,2855.01,Shale,0.24,239.82,Chevron,Well-D4,2010-03-15
BH-1434,2374.5,Gravel,0.14,340.09,ExxonMobil,Well-D4,2012-08-19
BH-1435,3347.68,SHALE,0.11,,,Well-B2,2012-08-21
BH-1436,3998.96,Dolomite,0.08,445.41,Chevron,Well-A1,unknown
BH-1437,4059.99,Limestone,0.24,469.22,BP,Well-C3,2012-01-26
BH-1438,3505.92,Shale,0.1,,ExxonMobil,Well-C3,2011-04-24
BH-1439,3162.34,Siltstone,0.09,292.68,Chevron,Well-D4,2011-10-14
BH-1440,2739.91,,0.15,412.12,BP,Well-C3,2010-09-24
BH-1441,1042.22,,0.3,261.14,Total,Well-D4,2011-05-04
BH-1442,4063.48,Siltstone,0.29,134.86,Chevron,Well-D4,2010-06-17
BH-1443,3583.96,Sandstne,0.07,282.47,Chevron,Well-C3,2012-01-31
BH-1444,2075.29,Dolomite,0.1,336.6,Chevron,Well-D4,2011-09-30
BH-1445,2282.57,Shale,na,133.67,Total,Well-C3,2012-01-03
BH-1446,1032.82,Limestone,0.2,190.21,BP,Well-C3,2012-03-21
BH-1447,--,Limestone,0.34,399.04,Total,Well-D4,2012-07-06
BH-1448,4269.0,Sandstone,0.28,397.05,BP,Well-B2,2010-02-04
BH-1449,3941.29,Limestone,0.34,356.65,ExxonMobil,Well-C3,2012-01-16
BH-1450,--,,0.13,139.43,Total,Well-B2,2010-08-30
BH-1451,2298.05,Shale,0.23,159.39,Total,Well-D4,2010-06-08
BH-1452,1357.92,Shale,0.26,486.34,,Well-A1,2011-10-23
BH-1453,3145.41,Limestone,0.12,404.85,ExxonMobil,Well-D4,2010-01-22
BH-1454,2432.67,Shale,0.06,301.56,Chevron,Well-D4,2010-07-11
BH-1455,2294.72,SHALE,0.3,299.53,Total,Well-B2,2012-04-19
BH-1456,2468.45,Sandstone,0.2,447.32,Chevron,Well-C3,2010-09-02
BH-1457,1253.37,,0.11,394.58,Shell,Well-C3,2011-10-19
BH-1458,1385.03,Limestone,na,130.39,Total,Well-B2,2010-07-16
BH-1459,3284.05,Sandstne,0.21,165.17,ExxonMobil,Well-B2,2010-03-14
BH-1460,--,Dolomite,0.33,260.63,,Well-A1,2012-02-01
BH-1461,2663.81,Gravel,0.07,288.06,,Well-A1,2010-03-21
BH-1462,4842.35,Limestone,0.12,136.9,,Well-B2,2012-08-28
BH-1463,3996.78,Sandstne,0.28,353.52,,Well-D4,2010-06-20
BH-1464,3199.86,,0.1,249.36,ExxonMobil,Well-C3,2010-11-29
BH-1465,2649.37,Sandstne,0.15,295.53,BP,Well-C3,2011-04-09
BH-1466,2588.36,Sandstone,0.23,497.04,ExxonMobil,Well-A1,2010-08-16
BH-1467,2259.62,Siltstone,0.2,307.23,Total,Well-A1,2010-06-09
BH-1468,2468.33,Dolomite,0.29,229.91,Shell,Well-A1,2012-03-22
BH-1469,2953.11,Limestone,0.14,309.33,Total,Well-A1,2010-12-09
BH-1470,4268.57,Sandstne,0.09,386.46,Chevron,Well-A1,2011-10-10
BH-1471,2219.13,Sandstone,0.22,364.0,Shell,Well-A1,2011-02-07
BH-1472,4011.36,,0.18,116.61,ExxonMobil,Well-A1,2012-02-03
BH-1473,--,Sandstne,0.17,364.04,Shell,Well-D4,2011-05-15
BH-1474,3285.32,,0.27,82.24,BP,Well-C3,2011-08-13
BH-1475,3686.99,Sandstne,0.11,344.93,ExxonMobil,Well-B2,2011-09-24
BH-1476,4211.18,Shale,0.33,358.41,Shell,Well-A1,2010-02-25
BH-1477,3484.01,Shale,0.3,,,Well-A1,2011-04-28
BH-1478,--,Dolomite,0.11,387.66,Chevron,Well-D4,2010-05-25
BH-1479,3673.04,Sandstne,0.25,,Shell,Well-A1,2012-03-19
BH-1480,2085.13,SHALE,0.05,172.09,,Well-C3,2010-01-20
BH-1481,4533.61,Sandstne,0.16,94.82,ExxonMobil,Well-D4,2011-06-29
BH-1482,1795.5,SHALE,0.26,,Chevron,Well-C3,2011-02-07
BH-1483,1073.49,Gravel,0.14,490.36,ExxonMobil,Well-A1,2012-06-18
BH-1484,4999.81,Sandstone,0.33,203.8,BP,Well-B2,2011-01-27
BH-1485,3711.98,Dolomite,0.22,190.57,Chevron,Well-C3,2010-05-15
BH-1486,1554.31,,0.11,359.84,Chevron,Well-B2,2012-07-19
BH-1487,1580.61,Shale,0.22,103.27,ExxonMobil,Well-B2,2012-02-23
BH-1488,4891.58,Sandstne,0.27,336.58,,Well-C3,2010-07-12
BH-1489,1738.99,Siltstone,0.23,153.91,Total,Well-C3,2012-03-09
BH-1490,3009.3,SHALE,0.16,271.15,Shell,Well-B2,2010-02-03
BH-1491,4875.26,Siltstone,0.12,141.28,Shell,Well-A1,2012-09-04
BH-1492,4468.52,SHALE,0.31,242.4,Total,Well-D4,2011-02-08
BH-1493,3969.87,,0.31,284.29,BP,Well-D4,2010-02-13
BH-1494,1982.89,,0.27,282.26,,Well-A1,2011-03-27
BH-1495,2218.22,Siltstone,0.18,74.55,Chevron,Well-B2,2011-10-24
BH-1496,3890.59,Limestone,0.23,295.88,BP,Well-D4,2010-01-26
BH-1497,3361.26,Dolomite,0.08,341.86,,Well-B2,2010-05-07
BH-1498,3824.91,Gravel,0.26,488.84,Chevron,Well-B2,2011-01-25
BH-1499,--,Shale,0.22,117.54,Shell,Well-B2,2010-02-22
BH-1500,2238.07,SHALE,0.1,482.2,Total,Well-C3,unknown
BH-1501,2994.57,Sandstone,0.2,346.76,BP,Well-D4,2011-09-08
BH-1502,1978.85,,0.24,143.44,Shell,Well-B2,2010-12-24
BH-1503,--,Sandstone,0.3,464.17,Total,Well-A1,2010-07-02
BH-1504,2137.52,,0.19,469.17,Total,Well-C3,2012-07-08
BH-1505,1270.67,Sandstne,0.07,104.91,ExxonMobil,Well-C3,2011-06-22
BH-1506,1836.2,Sandstone,0.27,494.24,BP,Well-C3,2012-05-18
BH-1507,3101.56,Gravel,0.23,378.13,BP,Well-D4,2012-06-23
BH-1508,3834.35,Dolomite,na,,,Well-A1,2010-08-01
BH-1509,4995.95,Sandstne,na,412.72,Shell,Well-A1,2011-12-08
BH-1510,4160.78,Siltstone,0.21,101.23,ExxonMobil,Well-C3,2011-08-06
BH-1511,1116.47,Shale,0.3,265.6,BP,Well-A1,2011-05-09
BH-1512,2842.47,,0.19,467.51,Total,Well-C3,2011-11-26
BH-1513,3143.54,Dolomite,0.15,408.1,Total,Well-B2,2010-02-01
BH-1514,2500.96,,0.22,317.84,ExxonMobil,Well-C3,2010-10-06
BH-1515,2988.22,Dolomite,0.3,286.3,Shell,Well-A1,2010-02-08
BH-1516,4653.42,SHALE,0.29,119.33,ExxonMobil,Well-D4,2011-06-21
BH-1517,2309.35,Limestone,0.33,109.72,,Well-A1,2012-01-01
BH-1518,1463.34,Siltstone,0.26,89.18,BP,Well-A1,2012-02-24
BH-1519,2249.92,Siltstone,0.11,178.96,Chevron,Well-C3,2011-11-19
BH-1520,1597.28,Siltstone,0.34,96.07,Chevron,Well-C3,2010-10-05
BH-1521,3817.41,Siltstone,0.1,451.51,Chevron,Well-D4,2010-01-30
BH-1522,3701.98,Limestone,0.08,367.1,Chevron,Well-D4,2010-11-16
BH-1523,1792.59,,0.33,305.51,Total,Well-D4,2010-11-14
BH-1524,3840.86,SHALE,0.33,453.07,ExxonMobil,Well-C3,2011-12-18
BH-1525,2321.31,Gravel,0.06,208.15,BP,Well-B2,2010-12-23
BH-1526,1509.58,Limestone,0.26,300.27,Total,Well-C3,2011-02-15
BH-1527,1954.3,Dolomite,0.34,203.32,,Well-D4,2011-03-22
BH-1528,2368.8,Dolomite,0.25,370.36,BP,Well-A1,2011-04-20
BH-1529,1390.62,SHALE,0.34,98.94,Chevron,Well-D4,2011-10-23
BH-1530,1362.13,Shale,0.32,50.08,Shell,Well-B2,2010-10-26
BH-1531,3311.73,Dolomite,0.31,407.46,,Well-C3,2012-08-17
BH-1532,4930.32,Gravel,0.22,279.69,Shell,Well-C3,2012-07-11
BH-1533,1212.51,,0.16,439.56,Shell,Well-D4,2011-02-08
BH-1534,3847.09,Sandstne,0.21,263.69,Shell,Well-D4,2011-01-04
BH-1535,1617.07,Shale,0.07,,,Well-D4,2012-09-25
BH-1536,1338.65,Sandstne,0.32,468.64,Chevron,Well-B2,2011-03-11
BH-1537,2800.18,Gravel,0.18,,BP,Well-B2,2010-10-03
BH-1538,3184.67,Gravel,na,,BP,Well-C3,2011-05-09
BH-1539,1320.25,,0.35,259.22,Total,Well-A1,2011-10-08
BH-1540,4841.64,Limestone,0.21,325.87,ExxonMobil,Well-A1,2011-06-09
BH-1541,3295.86,Gravel,0.34,180.14,Total,Well-C3,2011-08-01
BH-1542,3517.2,Shale,0.25,381.82,Total,Well-C3,2010-05-10
BH-1543,4405.78,Siltstone,0.23,165.63,,Well-A1,2012-07-20
BH-1544,1604.54,SHALE,0.1,156.29,Shell,Well-A1,2010-03-28
BH-1545,3382.18,Shale,0.28,222.43,,Well-D4,2010-06-21
BH-1546,3937.44,Gravel,0.13,73.64,BP,Well-D4,2011-05-03
BH-1547,4009.71,,0.26,168.18,Chevron,Well-D4,unknown
BH-1548,2795.28,Gravel,0.25,,Chevron,Well-C3,2011-03-19
BH-1549,3608.26,Siltstone,0.13,344.45,BP,Well-D4,2012-02-07
BH-1550,3687.56,Dolomite,0.25,190.97,Total,Well-A1,2010-01-13
BH-1551,3101.06,SHALE,0.27,65.32,Chevron,Well-A1,2011-09-01
BH-1552,4341.84,Limestone,0.09,108.46,,Well-B2,2011-12-14
BH-1553,2178.27,Limestone,0.33,242.14,,Well-C3,2012-03-10
BH-1554,4108.42,Sandstne,0.35,415.76,Shell,Well-D4,2012-08-08
BH-1555,2570.54,SHALE,0.21,326.28,Total,Well-D4,2010-04-16
BH-1556,--,Limestone,0.13,453.43,Shell,Well-A1,2011-11-12
BH-1557,1606.43,Gravel,0.22,472.96,BP,Well-D4,2012-05-14
BH-1558,4249.1,Limestone,0.05,418.09,BP,Well-A1,2012-08-15
BH-1559,2333.76,Siltstone,0.24,90.8,Chevron,Well-C3,2011-04-16
BH-1560,2159.83,Dolomite,0.06,135.95,,Well-D4,2011-10-08
BH-1561,2946.01,SHALE,0.09,373.88,Chevron,Well-B2,2010-03-06
BH-1562,3573.63,SHALE,0.3,498.13,Total,Well-C3,2012-03-17
BH-1563,2622.03,Dolomite,0.25,355.14,Chevron,Well-B2,2010-08-27
BH-1564,1147.51,Shale,0.06,328.27,Shell,Well-B2,unknown
BH-1565,4618.65,Limestone,0.1,418.01,Total,Well-A1,2012-03-29
BH-1566,1252.44,Dolomite,0.29,355.28,ExxonMobil,Well-A1,2011-08-13
BH-1567,2286.36,Dolomite,0.23,104.34,Shell,Well-D4,2011-01-14
BH-1568,2754.64,Sandstone,0.29,219.26,Shell,Well-A1,2010-03-24
BH-1569,--,Shale,0.26,177.68,,Well-D4,2010-07-31
BH-1570,2083.8,SHALE,0.33,66.93,Shell,Well-D4,2010-04-01
BH-1571,4130.33,Gravel,0.22,493.97,Total,Well-C3,2011-07-07
BH-1572,2856.86,Dolomite,0.11,358.36,BP,Well-D4,2011-11-18
BH-1573,1216.11,Gravel,0.18,412.32,BP,Well-A1,2010-02-23
BH-1574,1703.55,Sandstone,0.08,374.63,Chevron,Well-C3,2012-02-05
BH-1575,2302.74,Limestone,0.08,441.45,BP,Well-B2,2011-08-23
BH-1576,4561.96,Shale,0.23,218.07,BP,Well-B2,2012-09-25
BH-1577,2343.57,Sandstone,0.07,433.24,BP,Well-D4,2010-12-18
BH-1578,2180.65,Shale,0.24,126.47,Chevron,Well-B2,2012-05-27
BH-1579,4448.8,Dolomite,0.3,378.51,,Well-B2,2011-03-21
BH-1580,4567.29,Shale,0.32,69.9,BP,Well-A1,2011-02-08
BH-1581,4192.07,Limestone,0.12,55.59,,Well-D4,2010-05-16
BH-1582,1956.25,Limestone,na,122.81,BP,Well-A1,2011-04-20
BH-1583,4496.8,Sandstne,0.31,366.76,Total,Well-A1,2011-12-09
BH-1584,1130.86,Sandstne,0.26,308.85,Shell,Well-A1,2010-12-10
BH-1585,1219.25,Gravel,0.08,328.61,ExxonMobil,Well-C3,2011-07-27
BH-1586,3243.03,Dolomite,0.15,342.07,,Well-B2,2012-02-19
BH-1587,2410.85,Siltstone,0.18,217.77,BP,Well-D4,2012-04-29
BH-1588,3839.3,,0.19,352.99,,Well-A1,2012-06-24
BH-1589,1320.68,Shale,0.34,174.17,,Well-B2,2012-06-14
BH-1590,4808.42,Sandstone,0.34,109.41,ExxonMobil,Well-D4,2011-10-23
BH-1591,--,Dolomite,0.31,476.35,,Well-C3,2010-12-18
BH-1592,4147.3,SHALE,0.26,250.37,ExxonMobil,Well-B2,2010-11-10
BH-1593,2040.03,SHALE,0.14,116.75,ExxonMobil,Well-D4,2011-09-26
BH-1594,3847.25,Siltstone,0.1,457.12,Shell,Well-B2,2010-02-12
BH-1595,3298.1,SHALE,0.11,65.61,ExxonMobil,Well-C3,2011-04-05
BH-1596,1650.39,Siltstone,0.06,395.83,BP,Well-C3,2012-09-20
BH-1597,4902.4,Gravel,0.14,486.32,Chevron,Well-B2,2012-01-17
BH-1598,2768.42,Limestone,0.32,297.93,ExxonMobil,Well-A1,2012-05-11
BH-1599,2429.57,Gravel,0.24,149.96,ExxonMobil,Well-B2,unknown
BH-1600,2781.83,Limestone,0.17,321.43,Chevron,Well-A1,2011-01-05
BH-1601,3863.86,Sandstne,0.16,208.11,BP,Well-A1,2012-06-28
BH-1602,4970.39,SHALE,0.29,240.72,BP,Well-B2,2011-09-05
BH-1603,1831.14,SHALE,0.21,469.92,Chevron,Well-D4,2011-02-24
BH-1604,2093.32,Shale,0.26,111.62,Shell,Well-D4,2011-05-18
BH-1605,--,Siltstone,0.14,258.55,Total,Well-A1,2010-11-04
BH-1606,4336.97,SHALE,0.25,130.72,,Well-B2,unknown
BH-1607,2972.2,Limestone,0.16,246.23,ExxonMobil,Well-D4,2012-04-17
BH-1608,3050.1,Sandstone,0.1,193.86,,Well-B2,2010-02-24
BH-1609,2678.06,Gravel,na,337.53,Total,Well-B2,2010-07-07
BH-1610,3395.05,Shale,0.31,358.24,ExxonMobil,Well-C3,2011-12-06
BH-1611,3137.68,Gravel,0.05,217.86,BP,Well-D4,2012-07-21
BH-1612,1871.5,,0.11,326.04,Chevron,Well-A1,2012-07-27
BH-1613,4275.38,Sandstone,0.14,417.67,Chevron,Well-C3,2010-11-08
BH-1614,--,Limestone,0.31,151.96,Shell,Well-B2,2010-03-22
BH-1615,4052.09,Limestone,0.28,69.13,Total,Well-A1,2011-06-10
BH-1616,2876.33,Siltstone,na,54.62,Total,Well-A1,2010-07-30
BH-1617,1800.1,Gravel,na,385.79,ExxonMobil,Well-C3,2012-05-25
BH-1618,3914.22,Dolomite,0.07,393.46,Chevron,Well-B2,2012-09-14
BH-1619,4606.64,,na,465.9,Chevron,Well-D4,2011-08-27
BH-1620,3694.1,Limestone,0.16,146.42,Shell,Well-D4,2010-11-18
BH-1621,1441.26,Shale,0.16,374.96,Total,Well-C3,2011-01-30
BH-1622,3401.56,Siltstone,0.3,233.28,BP,Well-B2,2012-07-05
BH-1623,2902.71,Gravel,0.35,97.33,BP,Well-A1,2011-02-09
BH-1624,3362.23,Limestone,0.32,213.67,Shell,Well-C3,2012-05-14
BH-1625,1491.05,Sandstne,0.13,311.86,ExxonMobil,Well-D4,2011-11-14
BH-1626,2617.77,SHALE,0.09,104.99,BP,Well-D4,2012-08-23
BH-1627,1398.41,Sandstone,0.2,,Shell,Well-D4,2010-12-01
BH-1628,3487.87,Limestone,0.25,271.48,BP,Well-B2,2011-05-25
BH-1629,2046.66,Gravel,0.21,,Total,Well-D4,2010-05-02
BH-1630,2258.24,Sandstne,0.06,346.73,ExxonMobil,Well-B2,2010-05-18
BH-1631,2556.32,Limestone,0.2,292.73,BP,Well-D4,2010-06-10
BH-1632,2565.54,SHALE,0.16,394.91,ExxonMobil,Well-C3,2011-08-28
BH-1633,--,Gravel,0.27,,,Well-C3,2011-03-15
BH-1634,2429.46,Gravel,0.12,190.44,Total,Well-A1,2010-04-28
BH-1635,1078.85,Gravel,na,240.11,Chevron,Well-D4,2011-12-14
BH-1636,1088.95,Gravel,0.17,413.75,Total,Well-B2,2011-05-30
BH-1637,3669.55,Shale,0.16,273.63,Total,Well-B2,2010-02-18
BH-1638,3294.08,Dolomite,0.34,310.19,Chevron,Well-C3,2011-08-04
BH-1639,2901.07,Dolomite,0.07,277.09,ExxonMobil,Well-D4,2010-11-17
BH-1640,2609.2,,0.28,58.37,,Well-B2,2010-08-07
BH-1641,4295.63,SHALE,0.24,433.75,BP,Well-A1,2011-01-09
BH-1642,1961.5,Siltstone,0.17,460.01,,Well-B2,2010-10-01
BH-1643,3584.17,Siltstone,0.12,117.48,Total,Well-B2,2010-11-14
BH-1644,3239.3,Sandstne,0.32,172.72,Total,Well-C3,2010-10-12
BH-1645,1703.94,Sandstone,0.2,,Total,Well-C3,2012-06-06
BH-1646,4820.35,Gravel,0.32,427.91,Shell,Well-B2,2012-01-23
BH-1647,1482.57,,0.32,105.02,ExxonMobil,Well-C3,2012-01-25
BH-1648,3993.5,Dolomite,0.12,146.35,ExxonMobil,Well-D4,2012-06-02
BH-1649,2961.43,Gravel,0.08,263.68,Shell,Well-C3,2012-08-17
BH-1650,2900.89,Gravel,0.06,322.62,,Well-A1,2012-03-18
BH-1651,2011.93,Sandstne,0.34,415.51,Total,Well-B2,2011-02-02
BH-1652,--,Sandstne,0.33,471.35,Shell,Well-C3,2012-06-30
BH-1653,2755.38,Gravel,0.28,65.25,Total,Well-D4,2011-02-27
BH-1654,2330.89,Sandstne,0.3,364.32,Chevron,Well-A1,2011-09-09
BH-1655,3190.91,Gravel,0.06,338.72,,Well-D4,2010-05-20
BH-1656,--,Dolomite,0.14,121.02,Chevron,Well-B2,2011-12-04
BH-1657,4757.67,SHALE,0.27,359.36,ExxonMobil,Well-C3,2011-03-01
BH-1658,2573.98,Sandstne,0.32,476.65,Chevron,Well-B2,2012-09-24
BH-1659,2047.13,Shale,na,320.18,Shell,Well-A1,2010-06-24
BH-1660,1469.4,,0.33,353.12,Total,Well-B2,2010-07-15
BH-1661,4253.65,Siltstone,0.2,435.35,Chevron,Well-B2,2010-10-17
BH-1662,1757.45,Shale,0.09,167.81,Chevron,Well-D4,2011-01-14
BH-1663,3588.94,Limestone,na,195.46,,Well-D4,2012-01-01
BH-1664,2693.16,Siltstone,0.22,468.98,BP,Well-C3,2012-08-19
BH-1665,4208.99,Sandstone,na,221.42,BP,Well-C3,2012-07-02
BH-1666,3321.95,Siltstone,0.2,260.64,Total,Well-C3,2011-03-20
BH-1667,1467.37,Sandstone,0.2,176.45,ExxonMobil,Well-D4,2012-06-16
BH-1668,4318.36,Siltstone,0.18,381.59,BP,Well-B2,2012-08-03
BH-1669,4192.88,Sandstone,0.07,261.61,Shell,Well-D4,2012-07-05
BH-1670,1163.17,Gravel,0.22,100.62,,Well-B2,2010-04-06
BH-1671,2136.47,Shale,0.3,348.41,Shell,Well-A1,2011-08-08
BH-1672,4681.65,Dolomite,0.25,61.68,,Well-A1,2011-08-28
BH-1673,1424.28,Gravel,0.07,346.79,BP,Well-C3,2010-01-06
BH-1674,1175.39,SHALE,0.27,480.83,Chevron,Well-B2,2010-02-19
BH-1675,2131.82,Sandstone,0.21,91.65,ExxonMobil,Well-B2,2012-02-29
BH-1676,1356.75,Dolomite,0.28,388.65,,Well-B2,2011-05-18
BH-1677,3943.56,Siltstone,0.23,93.25,ExxonMobil,Well-B2,2012-06-25
BH-1678,2073.92,Sandstne,0.18,133.86,,Well-D4,2011-06-10
BH-1679,2854.1,Dolomite,0.26,287.28,,Well-A1,2011-03-24
BH-1680,4206.18,Siltstone,0.09,428.69,Chevron,Well-D4,2010-02-18
BH-1681,4669.21,,0.18,347.38,Chevron,Well-C3,2011-08-23
BH-1682,3013.78,Limestone,0.19,429.31,Total,Well-A1,2011-12-23
BH-1683,3348.83,SHALE,0.18,203.6,Shell,Well-B2,2012-02-04
BH-1684,2037.27,Limestone,0.06,55.99,,Well-D4,2011-02-19
BH-1685,4863.22,SHALE,0.29,360.8,,Well-D4,2010-03-31
BH-1686,1055.5,Limestone,0.26,62.07,BP,Well-B2,2011-03-23
BH-1687,4432.76,,0.14,263.3,Total,Well-A1,2010-06-06
BH-1688,2781.06,SHALE,0.31,140.6,Chevron,Well-D4,2010-01-09
BH-1689,4390.52,Sandstne,0.3,318.13,Chevron,Well-C3,2011-02-14
BH-1690,3364.16,SHALE,0.07,,Chevron,Well-C3,2010-10-02
BH-1691,2668.55,SHALE,0.24,251.75,BP,Well-A1,2012-01-14
BH-1692,2375.39,Dolomite,0.23,464.78,,Well-D4,2010-10-28
BH-1693,2561.48,Sandstne,0.25,408.19,Shell,Well-B2,2012-02-07
BH-1694,2931.56,Shale,0.23,237.19,BP,Well-C3,2011-07-25
BH-1695,--,Sandstone,0.13,128.62,Chevron,Well-A1,2010-12-12
BH-1696,3470.25,Limestone,0.2,403.2,Total,Well-C3,2012-05-23
BH-1697,3061.55,Limestone,0.33,255.71,Total,Well-A1,2011-09-17
BH-1698,4789.53,,na,333.47,Shell,Well-C3,2010-10-27
BH-1699,4047.86,SHALE,0.08,200.57,Shell,Well-A1,2011-03-26
BH-1700,4076.88,Sandstone,0.29,277.26,Total,Well-C3,2012-02-12
BH-1701,3517.76,Dolomite,0.28,152.68,BP,Well-D4,2012-07-08
BH-1702,4409.56,Gravel,0.18,372.93,Chevron,Well-A1,2010-11-19
BH-1703,4089.49,Sandstne,0.28,338.66,Chevron,Well-A1,2012-01-01
BH-1704,4503.25,Siltstone,0.32,443.1,,Well-C3,2010-01-09
BH-1705,4600.83,Shale,0.18,294.99,Chevron,Well-D4,2012-06-27
BH-1706,3595.03,Dolomite,0.08,225.5,,Well-B2,2011-07-08
BH-1707,1371.28,,0.15,60.54,Chevron,Well-C3,2012-03-03
BH-1708,2690.98,,0.07,332.15,ExxonMobil,Well-A1,2011-10-29
BH-1709,2794.95,Sandstone,0.34,495.05,Chevron,Well-B2,2010-10-19
BH-1710,4260.32,Shale,0.21,197.53,Chevron,Well-B2,2011-01-05
BH-1711,1586.21,Sandstne,0.07,449.83,BP,Well-B2,2011-01-14
BH-1712,2611.01,,0.17,274.47,BP,Well-D4,2012-08-28
BH-1713,4893.09,Shale,0.09,108.22,,Well-A1,2011-04-12
BH-1714,3985.99,,0.34,233.88,Total,Well-C3,2010-02-11
BH-1715,1470.97,Siltstone,0.14,406.04,Shell,Well-D4,2012-07-04
BH-1716,2133.93,Shale,0.2,206.89,Total,Well-D4,2010-11-14
BH-1717,4601.15,Sandstne,0.27,392.88,Chevron,Well-D4,2011-11-15
BH-1718,4465.38,Gravel,0.24,224.26,BP,Well-C3,2012-09-08
BH-1719,2772.38,Siltstone,0.31,307.4,,Well-C3,2010-05-07
BH-1720,1340.61,,0.07,135.23,BP,Well-A1,2012-08-16
BH-1721,4849.51,Siltstone,0.12,449.45,BP,Well-A1,2011-09-14
BH-1722,3355.57,SHALE,0.06,236.72,Chevron,Well-C3,2010-04-04
BH-1723,1397.33,Shale,0.1,119.4,BP,Well-B2,2012-09-11
BH-1724,1108.68,Sandstone,0.08,451.85,ExxonMobil,Well-D4,2012-07-10
BH-1725,1810.24,Dolomite,0.28,101.79,Total,Well-C3,2011-02-21
BH-1726,1115.63,Dolomite,0.06,313.78,Total,Well-B2,2011-10-30
BH-1727,2218.45,Sandstne,0.3,402.3,Shell,Well-C3,2010-06-22
BH-1728,3150.14,Sandstne,0.22,,BP,Well-C3,2010-06-21
BH-1729,--,SHALE,0.13,499.66,,Well-B2,2011-06-07
BH-1730,1645.67,,0.14,105.34,Shell,Well-C3,2010-08-04
BH-1731,4829.67,Gravel,0.33,490.84,,Well-D4,2011-11-10
BH-1732,2366.52,SHALE,0.15,110.18,Total,Well-D4,unknown
BH-1733,--,Shale,0.32,393.11,Chevron,Well-A1,2011-10-27
BH-1734,3154.6,SHALE,0.16,422.36,ExxonMobil,Well-D4,2012-02-26
BH-1735,4935.18,Limestone,0.33,149.68,Total,Well-C3,2011-12-28
BH-1736,1359.87,Siltstone,0.12,485.28,Total,Well-C3,2011-12-22
BH-1737,1836.35,Dolomite,0.24,174.81,Chevron,Well-D4,2010-07-18
BH-1738,3262.83,Shale,0.09,166.83,Chevron,Well-B2,2012-01-17
BH-1739,1767.41,Sandstone,0.26,163.81,Chevron,Well-D4,unknown
BH-1740,3692.4,Sandstone,0.15,233.09,Total,Well-D4,2011-06-14
BH-1741,4535.21,Dolomite,na,289.58,ExxonMobil,Well-A1,2010-12-09
BH-1742,3287.28,Sandstone,0.12,481.0,Shell,Well-B2,2010-11-15
BH-1743,3501.18,Sandstone,0.29,331.83,ExxonMobil,Well-C3,2011-04-30
BH-1744,2363.21,Sandstone,0.21,82.81,Chevron,Well-D4,2011-10-03
BH-1745,1499.31,Sandstone,0.16,362.01,Shell,Well-A1,2011-03-29
BH-1746,3442.95,Sandstne,0.25,182.71,BP,Well-D4,2012-02-10
BH-1747,4458.33,Sandstone,0.19,329.09,Total,Well-C3,2011-11-23
BH-1748,2816.31,Gravel,0.08,,,Well-A1,2012-05-10
BH-1749,3292.85,,0.18,250.08,Shell,Well-B2,2010-03-03
BH-1750,3338.09,,0.28,448.35,Shell,Well-B2,2011-09-10
BH-1751,2475.32,Sandstone,0.25,156.82,Chevron,Well-A1,2010-07-20
BH-1752,3562.22,Dolomite,0.15,362.65,BP,Well-C3,2011-08-03
BH-1753,3464.41,Sandstne,0.08,459.74,BP,Well-B2,2011-10-17
BH-1754,1921.1,Dolomite,0.27,199.18,,Well-D4,2010-07-08
BH-1755,1026.9,Sandstone,0.06,180.76,Shell,Well-C3,2010-01-31
BH-1756,2136.4,Dolomite,0.27,299.53,Shell,Well-B2,unknown
BH-1757,4642.6,Sandstone,0.09,448.26,ExxonMobil,Well-B2,2010-09-03
BH-1758,2489.4,Shale,0.34,446.75,,Well-A1,2012-06-22
BH-1759,4179.59,Dolomite,0.26,243.29,,Well-B2,2012-02-21
BH-1760,1756.41,,0.09,333.26,ExxonMobil,Well-B2,2012-09-18
BH-1761,2955.96,Limestone,0.29,125.35,BP,Well-C3,2011-04-21
BH-1762,3849.95,,0.26,170.75,BP,Well-A1,2012-07-05
BH-1763,4452.67,Sandstne,0.18,120.74,ExxonMobil,Well-C3,2010-05-18
BH-1764,2180.19,,0.23,329.51,BP,Well-D4,2011-02-23
BH-1765,2990.17,Siltstone,0.1,340.41,ExxonMobil,Well-A1,2011-05-29
BH-1766,3574.62,Siltstone,0.08,67.23,Shell,Well-C3,2010-12-04
BH-1767,3980.85,Siltstone,0.23,434.75,,Well-C3,unknown
BH-1768,4289.24,Sandstne,0.3,55.35,,Well-B2,2010-08-22
BH-1769,3996.55,SHALE,0.23,260.93,BP,Well-C3,2010-11-17
BH-1770,2715.17,Sandstne,0.18,218.62,Chevron,Well-B2,2012-01-26
BH-1771,--,Gravel,0.18,231.52,,Well-C3,2010-01-24
BH-1772,1128.84,Shale,0.34,333.43,Chevron,Well-D4,2010-07-29
BH-1773,1254.84,Sandstne,0.08,253.19,ExxonMobil,Well-A1,2011-11-23
BH-1774,1128.24,SHALE,na,460.11,BP,Well-C3,2010-10-26
BH-1775,1279.92,Sandstone,0.05,459.42,BP,Well-B2,2010-05-13
BH-1776,2913.0,Limestone,0.32,441.7,ExxonMobil,Well-D4,2011-11-12
BH-1777,3414.84,Siltstone,0.2,173.95,Total,Well-B2,2012-04-24
BH-1778,4230.26,,0.22,258.21,Total,Well-A1,2012-06-21
BH-1779,2387.13,Siltstone,0.3,236.77,Shell,Well-D4,2012-07-21
BH-1780,3794.09,Limestone,0.33,441.74,ExxonMobil,Well-C3,2010-03-10
BH-1781,3889.64,Dolomite,0.17,104.55,ExxonMobil,Well-A1,2011-06-01
BH-1782,2304.05,SHALE,0.11,,Total,Well-A1,2011-11-23
BH-1783,2524.62,Sandstne,0.17,,Total,Well-B2,2012-02-06
BH-1784,2845.43,Limestone,0.12,113.12,ExxonMobil,Well-B2,2010-01-19
BH-1785,1708.95,Limestone,0.17,393.62,,Well-C3,2011-01-02
BH-1786,3857.65,,0.26,415.18,,Well-A1,2010-11-12
BH-1787,3392.82,Sandstone,0.28,218.59,Shell,Well-B2,2011-03-08
BH-1788,--,Sandstone,0.11,149.26,Total,Well-B2,2010-02-15
BH-1789,1430.74,Gravel,0.24,470.45,BP,Well-D4,2010-08-07
BH-1790,2293.47,Sandstone,0.14,256.45,Total,Well-C3,2011-01-13
BH-1791,--,Dolomite,0.28,495.71,,Well-B2,2010-04-08
BH-1792,4925.66,Sandstne,0.34,199.42,,Well-C3,2011-11-14
BH-1793,2340.42,SHALE,0.24,314.36,Total,Well-B2,unknown
BH-1794,1496.22,Dolomite,0.28,76.97,ExxonMobil,Well-D4,2010-06-05
BH-1795,3568.16,Dolomite,0.23,382.67,ExxonMobil,Well-B2,2011-10-22
BH-1796,1158.43,Sandstne,0.14,,,Well-C3,2010-07-30
BH-1797,4626.53,Dolomite,0.26,442.72,Chevron,Well-C3,2011-10-07
BH-1798,--,SHALE,0.11,113.69,Shell,Well-B2,2011-08-30
BH-1799,4180.93,Dolomite,0.07,190.16,,Well-B2,2010-06-30
BH-1800,2212.4,SHALE,0.11,266.53,ExxonMobil,Well-D4,2011-04-28
BH-1801,3021.17,Sandstne,0.3,58.91,BP,Well-D4,2012-02-17
BH-1802,2200.93,,0.27,258.64,BP,Well-C3,2011-09-13
BH-1803,2332.94,SHALE,0.32,,Chevron,Well-C3,2012-08-05
BH-1804,2578.6,Gravel,0.14,82.06,Total,Well-A1,2011-08-03
BH-1805,4051.8,Siltstone,0.28,369.11,,Well-C3,2011-10-29
BH-1806,2696.16,Dolomite,0.06,333.93,,Well-A1,2011-10-23
BH-1807,3421.74,Shale,0.23,428.68,Total,Well-A1,2011-10-22
BH-1808,2537.39,Limestone,0.11,423.39,ExxonMobil,Well-C3,2011-06-30
BH-1809,2531.15,Siltstone,0.28,441.24,Total,Well-C3,2010-10-03
BH-1810,4720.07,Sandstne,0.05,271.28,Total,Well-A1,2011-03-04
BH-1811,3618.08,Sandstne,0.16,139.11,Shell,Well-A1,2012-04-13
BH-1812,1803.76,Shale,0.11,442.23,BP,Well-A1,2010-06-20
BH-1813,1342.83,Limestone,0.15,265.05,,Well-A1,unknown
BH-1814,4820.85,Sandstone,0.21,,Chevron,Well-C3,2011-04-30
BH-1815,3417.49,Gravel,0.32,417.58,ExxonMobil,Well-D4,2010-02-28
BH-1816,4492.31,Limestone,na,230.81,Shell,Well-A1,2012-06-08
BH-1817,4804.25,Dolomite,0.24,263.84,BP,Well-B2,unknown
BH-1818,4767.75,Gravel,na,70.59,,Well-C3,2010-08-28
BH-1819,2600.66,Limestone,0.33,264.25,,Well-A1,2010-10-28
BH-1820,3847.77,,0.29,64.29,BP,Well-A1,2011-11-21
BH-1821,4948.88,SHALE,0.18,348.19,Shell,Well-B2,2012-02-11
BH-1822,3799.64,Limestone,0.26,468.04,BP,Well-C3,2010-09-21
BH-1823,4806.02,Limestone,0.33,271.38,,Well-C3,2012-08-12
BH-1824,4695.39,Limestone,0.16,381.2,BP,Well-D4,2010-08-17
BH-1825,2163.91,Limestone,0.27,385.08,Total,Well-C3,2010-11-17
BH-1826,3307.67,Sandstone,0.23,224.67,BP,Well-C3,2012-03-27
BH-1827,4186.26,,0.23,54.13,BP,Well-C3,2012-08-23
BH-1828,1875.62,SHALE,0.14,432.11,,Well-A1,2010-11-13
BH-1829,3754.4,Siltstone,0.26,422.91,BP,Well-C3,2011-01-21
BH-1830,4240.84,Shale,0.11,414.69,,Well-A1,2012-03-05
BH-1831,2950.02,Sandstne,0.29,121.64,Total,Well-D4,2011-11-26
BH-1832,2393.23,Sandstne,0.21,363.37,Shell,Well-D4,2010-11-28
BH-1833,3321.53,Sandstone,0.26,123.66,Shell,Well-D4,2010-10-26
BH-1834,1839.07,Dolomite,0.05,309.06,,Well-B2,2011-03-14
BH-1835,1672.89,Sandstone,0.34,73.61,Chevron,Well-C3,2012-09-20
BH-1836,3890.2,Dolomite,na,269.88,,Well-B2,2011-01-20
BH-1837,4964.66,Limestone,0.31,173.85,,Well-D4,2010-05-03
BH-1838,1488.21,,0.23,265.77,,Well-A1,2010-07-05
BH-1839,4999.82,Sandstne,0.09,371.2,Chevron,Well-B2,2011-12-19
BH-1840,--,,0.29,78.77,Chevron,Well-A1,2010-08-01
BH-1841,4590.41,Shale,0.26,,BP,Well-C3,2010-05-12
BH-1842,3610.56,Limestone,0.31,,Total,Well-C3,2011-07-12
BH-1843,4908.41,Sandstone,0.06,457.08,ExxonMobil,Well-D4,2011-05-18
BH-1844,3090.67,Gravel,0.2,348.18,Total,Well-B2,2010-05-26
BH-1845,4330.51,Shale,0.11,107.82,Chevron,Well-D4,2010-09-19
BH-1846,3599.08,Shale,0.07,241.4,,Well-B2,2010-03-14
BH-1847,2077.6,Dolomite,0.22,280.14,Shell,Well-D4,2010-11-20
BH-1848,2734.51,Sandstone,0.12,289.16,,Well-D4,2011-10-18
BH-1849,4636.98,Siltstone,0.29,94.08,Shell,Well-D4,2012-03-12
BH-1850,1702.93,Siltstone,0.29,207.01,Chevron,Well-C3,2011-09-15
BH-1851,1191.85,Gravel,0.17,383.58,Chevron,Well-D4,2010-05-11
BH-1852,3746.63,Shale,0.09,170.32,,Well-C3,2010-09-13
BH-1853,2672.97,SHALE,0.35,276.0,ExxonMobil,Well-D4,2012-01-06
BH-1854,4256.09,Siltstone,0.08,396.76,Total,Well-A1,2010-09-03
BH-1855,1660.45,Sandstone,0.14,413.76,Total,Well-D4,2012-08-12
BH-1856,2918.62,,0.25,106.11,Total,Well-B2,2012-02-03
BH-1857,--,Sandstne,0.27,382.54,Chevron,Well-A1,2012-09-14
BH-1858,4720.74,,0.1,109.99,ExxonMobil,Well-A1,2011-01-24
BH-1859,4878.91,Gravel,0.12,394.89,Total,Well-C3,2010-10-28
BH-1860,1008.94,Sandstne,0.14,339.34,Total,Well-D4,2012-05-18
BH-1861,2422.98,SHALE,0.16,,,Well-B2,2010-01-10
BH-1862,2968.18,Limestone,0.32,460.9,Total,Well-B2,2010-09-14
BH-1863,2581.44,Siltstone,0.32,171.27,BP,Well-D4,2010-12-29
BH-1864,1023.24,Dolomite,0.14,239.48,ExxonMobil,Well-A1,2010-07-23
BH-1865,4838.8,Siltstone,0.2,356.78,Shell,Well-C3,2012-03-10
BH-1866,3007.43,Sandstne,0.34,106.76,ExxonMobil,Well-A1,2010-08-31
BH-1867,4319.34,Sandstne,0.27,180.26,BP,Well-A1,2010-09-11
BH-1868,3916.99,Shale,0.28,497.42,Shell,Well-D4,2011-12-25
BH-1869,1412.26,,0.11,333.01,Shell,Well-B2,2011-02-15
BH-1870,--,Dolomite,0.18,90.92,Total,Well-D4,2010-11-10
BH-1871,4920.5,Dolomite,0.19,339.74,ExxonMobil,Well-A1,2010-10-15
BH-1872,3846.34,Dolomite,0.06,,Total,Well-C3,2011-04-29
BH-1873,3426.09,Sandstne,0.33,186.96,Total,Well-A1,2012-02-28
BH-1874,2324.85,Gravel,0.23,157.21,ExxonMobil,Well-B2,2010-03-31
BH-1875,1521.94,Limestone,na,447.82,Shell,Well-B2,2012-08-05
BH-1876,4767.27,Gravel,0.19,290.1,Shell,Well-A1,2011-03-05
BH-1877,2010.1,,0.32,372.8,BP,Well-A1,2011-06-21
BH-1878,3015.48,Sandstone,0.13,180.35,Chevron,Well-A1,2011-12-12
BH-1879,4258.13,SHALE,0.31,124.48,Chevron,Well-D4,2011-02-04
BH-1880,2085.98,Shale,na,316.45,Total,Well-D4,2012-01-08
BH-1881,2213.64,Dolomite,0.13,150.77,Chevron,Well-B2,2011-10-17
BH-1882,4534.41,Shale,0.29,162.05,Shell,Well-A1,unknown
BH-1883,3420.64,Gravel,0.33,168.82,Shell,Well-D4,2010-10-29
BH-1884,1229.05,Sandstone,0.12,129.53,Total,Well-A1,2011-12-06
BH-1885,3615.3,,0.18,141.76,,Well-D4,2010-08-26
BH-1886,2735.61,Shale,0.08,133.26,Shell,Well-B2,2012-08-23
BH-1887,3590.26,Sandstone,0.32,359.32,Shell,Well-A1,2011-03-13
BH-1888,4636.52,Sandstne,0.21,413.6,Chevron,Well-A1,2010-01-22
BH-1889,1054.21,Sandstone,0.28,472.37,Chevron,Well-A1,2010-01-10
BH-1890,1425.36,Gravel,0.08,391.85,BP,Well-B2,2011-05-06
BH-1891,1223.5,Siltstone,0.09,96.27,ExxonMobil,Well-A1,2012-05-06
BH-1892,1004.84,Dolomite,na,116.32,,Well-C3,2012-06-19
BH-1893,3747.07,Limestone,0.35,480.41,ExxonMobil,Well-C3,2010-12-08
BH-1894,4693.28,Limestone,0.23,288.72,Chevron,Well-B2,2010-06-03
BH-1895,3748.64,Siltstone,0.08,347.78,ExxonMobil,Well-A1,2012-06-01
BH-1896,1594.57,Shale,0.17,403.5,BP,Well-A1,2011-03-14
BH-1897,2113.9,Limestone,0.09,208.67,BP,Well-D4,2012-09-23
BH-1898,4174.01,Gravel,0.33,222.43,Chevron,Well-D4,2011-05-20
BH-1899,4285.62,Sandstne,0.26,399.47,,Well-B2,2010-08-29
BH-1900,1813.12,Sandstone,0.19,99.57,ExxonMobil,Well-C3,2012-06-06
BH-1901,1557.4,SHALE,0.31,460.83,Shell,Well-B2,2010-02-27
BH-1902,1468.94,Shale,0.06,217.26,,Well-A1,2010-03-17
BH-1903,3375.7,Shale,na,85.55,Total,Well-A1,2012-04-13
BH-1904,4061.67,SHALE,0.27,184.78,BP,Well-C3,2011-10-23
BH-1905,2147.08,Shale,0.24,128.11,Shell,Well-A1,2011-03-10
BH-1906,4503.91,,0.13,187.72,Shell,Well-D4,2010-10-06
BH-1907,3086.0,Shale,0.17,226.53,,Well-A1,2011-04-25
BH-1908,3610.8,Sandstne,0.1,340.99,Shell,Well-C3,2010-03-21
BH-1909,4115.19,Gravel,na,293.71,Total,Well-B2,2012-02-14
BH-1910,1750.98,Dolomite,0.06,489.5,Chevron,Well-A1,2012-03-20
BH-1911,1192.2,Limestone,0.05,177.08,BP,Well-B2,2011-02-05
BH-1912,4895.4,Limestone,0.32,275.98,Shell,Well-A1,2011-01-27
BH-1913,4475.25,Sandstone,0.1,448.34,Total,Well-B2,2012-04-06
BH-1914,1563.45,Shale,0.2,323.93,Chevron,Well-C3,2010-05-15
BH-1915,2441.27,Sandstne,na,357.29,Shell,Well-B2,2011-09-14
BH-1916,1609.61,SHALE,0.05,189.29,Total,Well-D4,2010-11-18
BH-1917,2182.43,Limestone,0.16,130.63,BP,Well-C3,2010-09-20
BH-1918,2768.18,Shale,0.34,213.56,ExxonMobil,Well-D4,2011-09-27
BH-1919,1515.94,Gravel,0.24,87.57,BP,Well-D4,2012-06-15
BH-1920,1170.7,Sandstone,0.12,53.57,Total,Well-C3,2011-08-07
BH-1921,1291.91,Sandstne,0.25,260.82,Chevron,Well-D4,2010-07-04
BH-1922,4669.84,Sandstne,0.11,192.78,Chevron,Well-D4,2012-01-30
BH-1923,2113.5,Sandstone,0.33,146.06,Chevron,Well-A1,2012-03-03
BH-1924,4745.84,Gravel,0.34,145.17,Total,Well-D4,2011-10-13
BH-1925,1566.95,Siltstone,0.14,442.08,Chevron,Well-B2,2010-09-23
BH-1926,1214.97,Sandstne,0.28,207.17,BP,Well-D4,2011-12-07
BH-1927,4862.36,Sandstne,0.26,54.47,Chevron,Well-B2,2011-11-15
BH-1928,1578.47,Gravel,na,470.22,BP,Well-C3,2012-09-20
BH-1929,2051.21,Sandstone,0.33,335.43,,Well-A1,2012-02-03
BH-1930,2680.7,,0.23,144.39,Shell,Well-A1,2011-01-08
BH-1931,--,Siltstone,0.31,342.01,BP,Well-D4,2010-12-27
BH-1932,2703.4,Gravel,0.1,129.6,Chevron,Well-B2,2011-01-26
BH-1933,3638.42,Sandstne,0.26,457.65,Total,Well-A1,2010-04-17
BH-1934,1065.71,Sandstne,0.27,295.13,,Well-D4,2012-04-05
BH-1935,--,Siltstone,0.11,298.21,Total,Well-B2,2012-08-31
BH-1936,4870.46,SHALE,0.3,383.52,Total,Well-C3,2011-06-04
BH-1937,4518.43,Siltstone,0.32,352.99,Total,Well-D4,2010-01-27
BH-1938,2497.62,,0.23,481.62,BP,Well-B2,2011-02-05
BH-1939,3577.74,Sandstone,0.22,336.32,,Well-B2,2010-11-22
BH-1940,2749.61,Limestone,0.09,309.62,BP,Well-C3,2010-06-12
BH-1941,1815.05,Limestone,na,,Chevron,Well-B2,unknown
BH-1942,4682.38,Limestone,0.06,492.54,,Well-C3,2011-10-31
BH-1943,2187.69,,0.27,220.15,ExxonMobil,Well-A1,2012-08-15
BH-1944,1092.56,Limestone,0.33,113.83,ExxonMobil,Well-B2,2011-05-22
BH-1945,4650.88,Dolomite,0.2,,Total,Well-D4,2010-03-20
BH-1946,2679.63,Gravel,0.19,184.44,Shell,Well-A1,2010-12-18
BH-1947,2935.64,,na,164.53,Total,Well-B2,2011-07-03
BH-1948,--,,0.11,454.36,Total,Well-C3,2010-03-27
BH-1949,4759.39,Siltstone,0.11,368.64,,Well-C3,2012-04-08
BH-1950,3050.63,Sandstne,0.13,430.72,,Well-C3,2010-04-16
BH-1951,4065.8,Siltstone,0.11,245.06,BP,Well-D4,2010-10-06
BH-1952,3491.64,Sandstne,0.22,334.71,Total,Well-D4,2010-02-04
BH-1953,2012.25,Sandstne,0.3,484.32,ExxonMobil,Well-D4,unknown
BH-1954,2290.72,Shale,0.07,217.38,ExxonMobil,Well-A1,unknown
BH-1955,3867.21,Dolomite,0.29,302.74,BP,Well-C3,2011-06-24
BH-1956,3243.83,Limestone,0.24,245.84,ExxonMobil,Well-B2,2012-04-01
BH-1957,1187.17,Siltstone,0.09,197.09,BP,Well-B2,2010-10-19
BH-1958,--,Sandstone,0.14,231.26,Chevron,Well-A1,2010-01-17
BH-1959,1380.48,Sandstne,0.13,230.15,Chevron,Well-C3,2010-02-18
BH-1960,3785.83,SHALE,0.24,429.38,Chevron,Well-A1,unknown
BH-1961,--,Sandstone,0.35,375.91,Shell,Well-B2,2012-01-12
BH-1962,2475.52,,0.33,166.86,Total,Well-A1,2010-11-08
BH-1963,2317.32,Sandstne,0.1,257.31,Shell,Well-C3,2012-02-11
BH-1964,4400.61,Sandstne,0.25,158.24,BP,Well-D4,2010-11-26
BH-1965,2930.83,Limestone,0.14,301.33,Shell,Well-B2,2010-03-18
BH-1966,1241.07,Sandstone,0.19,269.44,ExxonMobil,Well-B2,2012-02-19
BH-1967,4433.84,Siltstone,0.25,97.55,Shell,Well-B2,2011-01-30
BH-1968,4471.44,,0.17,240.39,,Well-C3,2011-08-15
BH-1969,1589.16,Limestone,0.12,134.16,Total,Well-D4,2011-04-09
BH-1970,1473.3,,0.18,275.99,Chevron,Well-C3,2010-10-07
BH-1971,1196.54,Sandstne,0.18,231.21,Chevron,Well-C3,2011-05-21
BH-1972,1436.74,Sandstone,0.34,73.91,Total,Well-C3,2011-06-29
BH-1973,1905.86,Sandstne,0.08,445.79,ExxonMobil,Well-D4,2012-03-15
BH-1974,3547.6,Siltstone,0.08,365.21,BP,Well-C3,2011-12-06
BH-1975,2260.45,Limestone,0.15,483.01,,Well-D4,2010-01-22
BH-1976,2055.33,Limestone,0.28,,ExxonMobil,Well-D4,2011-05-16
BH-1977,2890.27,Sandstone,0.22,425.91,Chevron,Well-B2,2012-03-04
BH-1978,2218.41,Gravel,0.27,165.8,BP,Well-C3,2010-01-14
BH-1979,2204.54,Gravel,0.28,455.98,Chevron,Well-D4,2011-12-04
BH-1980,3559.2,Shale,0.31,113.73,BP,Well-A1,2012-01-29
BH-1981,2722.88,Dolomite,0.11,337.43,ExxonMobil,Well-D4,2012-06-16
BH-1982,2061.24,Gravel,0.17,497.27,ExxonMobil,Well-B2,2011-06-17
BH-1983,4336.69,Limestone,0.19,406.55,ExxonMobil,Well-A1,2011-05-26
BH-1984,1588.52,Shale,0.14,123.17,BP,Well-C3,2010-10-29
BH-1985,--,Sandstone,0.3,269.76,Total,Well-D4,2012-05-04
BH-1986,--,Siltstone,0.31,275.9,Chevron,Well-B2,2012-01-01
BH-1987,4983.66,Dolomite,0.33,64.46,ExxonMobil,Well-B2,2011-10-15
BH-1988,2596.45,Limestone,0.33,127.99,BP,Well-C3,2010-05-23
BH-1989,1798.03,Shale,0.11,183.8,,Well-D4,2011-01-20
BH-1990,4335.41,Limestone,0.18,470.7,,Well-C3,2011-03-14
BH-1991,4845.79,SHALE,na,480.87,BP,Well-A1,2011-09-22
BH-1992,4146.53,,0.24,445.01,Total,Well-D4,2011-11-18
BH-1993,--,,0.07,423.45,,Well-A1,2010-04-10
BH-1994,3261.77,Gravel,0.09,279.87,,Well-A1,2011-06-13
BH-1995,3961.7,SHALE,0.32,119.65,,Well-C3,2012-08-17
BH-1996,--,SHALE,0.11,118.86,Total,Well-A1,2010-04-17
BH-1997,4330.91,SHALE,0.33,267.67,Shell,Well-B2,2011-07-14
BH-1998,3451.04,SHALE,0.24,336.29,Shell,Well-B2,2011-11-05
BH-1999,3046.06,,0.19,95.01,Chevron,Well-D4,2010-10-09
